,ticker_symbol,date,total_score,environment_score,social_score,governance_score
0,DIS,2022-04-19,1147,510,316,321
1,GM,2022-04-17,1068,510,303,255
2,GWW,2022-04-19,880,255,385,240
3,MHK,2022-04-18,1171,570,298,303
4,LYV,2022-04-18,1052,492,310,250
5,LVS,2022-04-18,1178,547,318,313
6,CLX,2022-04-16,1255,560,350,345
7,AACG,2022-07-01,608,203,200,205
8,AAL,2022-04-16,746,270,211,265
9,AAME,2022-04-16,741,220,221,300
10,AAOI,2022-04-16,785,311,256,218
11,AAON,2022-04-16,1023,500,300,223
12,AAPL,2022-04-16,891,355,281,255
13,AATC,2022-06-11,936,410,286,240
14,AADI,2022-06-11,604,200,201,203
15,ABEO,2022-04-16,821,205,306,310
16,ABNB,2022-06-10,1475,505,570,400
17,ABIO,2022-04-16,712,200,222,290
18,ABOS,2022-06-11,606,205,201,200
19,ABSI,2022-06-11,659,205,224,230
20,ABUS,2022-04-16,745,203,204,338
21,ABVC,2022-06-11,637,220,212,205
22,ACAD,2022-04-16,765,230,230,305
23,ACAC,2022-06-10,705,200,205,300
24,ACCD,2022-06-10,744,255,254,235
25,ACET,2022-04-16,731,215,211,305
26,ABCL,2022-06-10,1239,540,354,345
27,ABCB,2022-04-16,840,290,300,250
28,ACHL,2022-06-10,803,230,288,285
29,ACHC,2022-04-16,781,330,231,220
30,ACIW,2022-04-16,1127,500,327,300
31,ACLS,2022-04-16,1081,515,306,260
32,ACIU,2022-04-16,851,250,296,305
33,ACHV,2022-06-10,742,215,222,305
34,ACMR,2022-06-10,967,410,232,325
35,ACNB,2022-04-16,654,220,219,215
36,ACRS,2022-04-16,657,230,207,220
37,ACT,2022-04-20,1183,540,328,315
38,ACTG,2022-04-16,675,200,200,275
39,ACVA,2022-06-10,812,235,262,315
40,ADAG,2022-06-10,901,295,301,305
41,ACXP,2022-06-11,841,235,301,305
42,ADBE,2022-04-16,621,200,221,200
43,ADAP,2022-04-16,953,365,283,305
44,ADMA,2022-04-16,824,240,264,320
45,ADI,2022-04-16,968,350,318,300
46,ADIL,2022-06-10,703,200,203,300
47,ADUS,2022-04-16,643,210,215,218
48,ACGL,2022-04-16,1100,500,300,300
49,ADPT,2022-04-16,868,260,348,260
50,ADSK,2022-04-16,1169,555,304,310
51,ADP,2022-07-25,1000,500,300,200
52,ADTX,2022-06-10,739,210,224,305
53,ADV,2022-04-20,1112,515,269,328
54,ADVM,2022-04-16,818,262,321,235
55,AEHR,2022-04-16,852,290,262,300
56,AEHL,2022-06-10,800,238,237,325
57,AEI,2022-04-20,937,520,207,210
58,AEIS,2022-04-16,1100,500,300,300
59,AEP,2022-04-20,1100,500,300,300
60,AEMD,2022-04-16,777,200,262,315
61,AEYE,2022-04-16,844,235,301,308
62,AFMD,2022-04-16,982,368,304,310
63,AFCG,2022-06-10,685,255,204,226
64,AFBI,2022-06-10,607,200,207,200
65,AFRM,2022-06-10,895,225,335,335
66,AFIB,2022-06-10,651,205,211,235
67,AGEN,2022-04-16,835,290,245,300
68,AFYA,2022-06-10,698,290,203,205
69,AGFY,2022-06-10,1206,540,361,305
70,AGMH,2022-06-10,619,205,204,210
71,AGIO,2022-04-16,1148,520,303,325
72,AGNC,2022-04-16,929,382,242,305
73,AGRI,2022-06-11,1063,510,248,305
74,AGRX,2022-04-16,703,240,203,260
75,AGYS,2022-04-16,1103,500,303,300
76,AHCO,2022-06-10,656,210,211,235
77,ADTN,2022-04-16,1118,510,308,300
78,ADN,2022-04-20,673,250,203,220
79,AIP,2022-06-07,1086,500,286,300
80,AKRO,2022-06-10,801,250,246,305
81,AIRT,2022-04-16,769,234,210,325
82,AKBA,2022-04-16,633,200,218,215
83,AIRG,2022-04-16,1130,500,300,330
84,AIRS,2022-06-11,616,210,201,205
85,AKAM,2022-04-16,1161,515,341,305
86,AKU,2022-04-21,1102,455,347,300
87,AKTS,2022-04-16,952,222,302,428
88,AKTX,2022-04-16,746,225,216,305
89,AKYA,2022-06-10,1030,512,303,215
90,ALCO,2022-04-16,1100,500,300,300
91,ALDX,2022-04-16,727,231,261,235
92,ALEC,2022-06-10,817,240,277,300
93,ALGM,2022-06-10,1106,542,314,250
94,ALF,2022-06-11,800,225,260,315
95,ALGN,2022-04-16,775,235,285,255
96,ALGS,2022-06-10,667,210,222,235
97,ALHC,2022-06-10,768,210,302,256
98,ALKS,2022-04-16,1050,415,302,333
99,ALIM,2022-04-16,691,220,228,243
100,ALGT,2022-04-16,743,287,208,248
101,ALKT,2022-06-10,845,280,305,260
102,ALNY,2022-04-16,1002,331,346,325
103,ALLT,2022-04-16,1142,508,324,310
104,ALLO,2022-06-10,1164,535,324,305
105,AMAT,2022-04-16,1142,525,317,300
106,AMD,2022-04-16,608,200,208,200
107,AVGO,2022-04-16,622,210,212,200
108,ANSS,2022-04-16,1202,580,337,285
109,AMZN,2022-04-16,1433,668,305,460
110,AIHS,2022-06-10,623,220,203,200
111,APA,2022-04-16,1151,510,316,325
112,BIIB,2022-04-16,1047,380,303,364
113,BKNG,2022-06-10,1174,558,306,310
114,CDNS,2022-04-16,1103,500,308,295
115,CDW,2022-04-16,634,225,209,200
116,CHRW,2022-04-16,1243,575,330,338
117,CINF,2022-04-16,760,235,275,250
118,CHTR,2022-04-16,1100,500,300,300
119,CMCSA,2022-04-16,1165,507,343,315
120,CPRT,2022-04-16,679,270,204,205
121,COST,2022-04-16,1068,537,306,225
122,CSX,2022-04-17,1145,510,310,325
123,CTSH,2022-04-16,1270,605,365,300
124,CME,2022-07-26,812,375,237,200
125,CSCO,2022-06-11,734,280,234,220
126,CTAS,2022-04-16,1100,500,300,300
127,CZR,2022-04-16,693,265,228,200
128,DLTR,2022-04-17,658,235,208,215
129,DXCM,2022-04-17,666,215,236,215
130,EA,2022-04-17,885,360,300,225
131,LNT,2022-04-16,1126,519,307,300
132,FANG,2022-04-17,1084,513,271,300
133,EBAY,2022-04-17,1107,500,302,305
134,LKQ,2022-04-18,1120,515,300,305
135,GOOGL,2022-04-30,1012,295,362,355
136,MAR,2022-04-18,630,215,200,215
137,MCHP,2022-04-18,1100,500,300,300
138,LRCX,2022-04-18,1150,510,325,315
139,MDLZ,2022-04-18,1127,520,307,300
140,META,2022-04-22,652,205,232,215
141,MKTX,2022-04-18,653,230,213,210
142,MNST,2022-04-18,1159,515,344,300
143,MRNA,2022-04-18,1100,500,300,300
144,MTCH,2022-04-18,945,245,389,311
145,MPWR,2022-04-18,852,330,287,235
146,MSFT,2022-04-27,1533,715,443,375
147,MU,2022-04-18,1160,530,330,300
148,NDAQ,2022-04-18,1115,505,310,300
149,NTRS,2022-04-18,701,250,226,225
150,NWL,2022-04-18,1143,525,303,315
151,NVDA,2022-04-18,899,323,301,275
152,ALLK,2022-06-10,773,200,273,300
153,NWSA,2022-04-18,1109,509,300,300
154,ODFL,2022-04-18,1170,467,423,280
155,PCAR,2022-04-18,1216,568,343,305
156,NXPI,2022-04-18,1139,505,329,305
157,ORLY,2022-04-18,1100,500,300,300
158,PAYX,2022-07-26,1000,500,300,200
159,PFG,2022-04-18,1175,555,320,300
160,ROST,2022-04-19,1000,375,325,300
161,SBAC,2022-04-19,716,250,251,215
162,QCOM,2022-04-19,1009,409,300,300
163,POOL,2022-04-18,1144,525,306,313
164,PEP,2022-04-18,1417,719,340,358
165,SBUX,2022-04-19,1155,475,385,295
166,REG,2022-04-19,1312,575,372,365
167,QRVO,2022-04-19,1150,535,310,305
168,PTC,2022-04-19,1160,550,302,308
169,PENN,2022-04-18,891,371,300,220
170,PYPL,2022-04-18,899,370,244,285
171,REGN,2022-04-19,1137,505,327,305
172,AMGN,2022-04-16,1215,575,312,328
173,SNPS,2022-04-19,1156,525,316,315
174,STX,2022-04-19,1195,540,355,300
175,TECH,2022-04-16,1078,510,268,300
176,TER,2022-04-19,1150,507,328,315
177,SWKS,2022-04-19,1088,515,303,270
178,TRMB,2022-04-19,1280,550,415,315
179,TROW,2022-04-19,1145,510,325,310
180,TTWO,2022-04-19,842,225,307,310
181,TSLA,2022-04-19,993,555,160,278
182,TSCO,2022-09-17,1000,500,300,200
183,TXN,2022-04-19,1100,500,300,300
184,TMUS,2022-04-19,903,342,331,230
185,UAL,2022-04-19,629,205,203,221
186,VRSK,2022-04-19,1281,615,366,300
187,ULTA,2022-04-19,647,205,242,200
188,VRTX,2022-04-19,1100,500,300,300
189,VTRS,2022-09-24,1000,500,300,200
190,VRSN,2022-04-19,1227,548,354,325
191,WBA,2022-04-19,1140,515,325,300
192,NTAP,2022-04-18,1229,545,359,325
193,XEL,2022-04-20,629,223,201,205
194,XRAY,2022-04-17,1153,530,318,305
195,ZBRA,2022-04-20,937,320,317,300
196,AAP,2022-04-16,735,264,261,210
197,ZION,2022-04-20,600,200,200,200
198,WYNN,2022-04-20,626,225,201,200
199,A,2022-04-16,1037,573,231,233
200,ABBV,2022-04-16,1122,505,317,300
201,ADM,2022-04-16,1245,587,353,305
202,ABT,2022-04-16,1125,515,305,305
203,AEE,2022-04-16,1207,562,345,300
204,AES,2022-04-16,1221,525,326,370
205,AFL,2022-04-16,989,454,300,235
206,ACN,2022-04-16,1180,515,360,305
207,AJG,2022-04-16,1184,530,344,310
208,AIZ,2022-04-16,1054,438,316,300
209,ALK,2022-04-16,1077,515,303,259
210,ALB,2022-04-16,1182,545,322,315
211,AIG,2022-04-16,1151,518,323,310
212,ALL,2022-04-16,1050,530,300,220
213,ALLE,2022-04-16,1179,542,322,315
214,AMP,2022-04-16,971,396,308,267
215,AME,2022-04-16,1139,540,329,270
216,AMT,2022-04-16,1168,530,333,305
217,AOS,2022-04-16,1135,510,315,310
218,APD,2022-04-16,1442,700,442,300
219,AON,2022-04-16,1077,485,304,288
220,ANET,2022-04-16,1049,444,310,295
221,APH,2022-04-16,1290,512,303,475
222,ATO,2022-04-16,1255,572,368,315
223,AWK,2022-04-16,1348,653,395,300
224,ARE,2022-04-16,1282,600,337,345
225,APTV,2022-06-10,1204,555,339,310
226,AVB,2022-04-16,1098,500,300,298
227,AVY,2022-04-16,1207,535,347,325
228,BA,2022-09-21,679,220,224,235
229,BAC,2022-04-16,879,220,394,265
230,BAX,2022-04-16,1116,500,316,300
231,BBWI,2022-06-11,1128,525,303,300
232,BDX,2022-04-16,1306,607,384,315
233,BIO,2022-04-16,802,275,227,300
234,BBY,2022-04-16,961,430,231,300
235,BK,2022-04-16,1100,500,300,300
236,AXP,2022-04-16,664,230,226,208
237,BR,2022-04-16,1188,550,313,325
238,BMY,2022-04-16,1131,500,321,310
239,BRO,2022-04-16,1025,405,320,300
240,AZO,2022-04-16,695,260,222,213
241,BSX,2022-04-16,1224,525,399,300
242,BX,2022-04-16,1197,534,343,320
243,BXP,2022-04-16,1176,532,339,305
244,C,2022-04-16,1118,515,300,303
245,CAT,2022-06-07,709,235,239,235
246,CARR,2022-04-21,694,210,258,226
247,CBRE,2022-06-10,609,200,209,200
248,CCI,2022-09-16,1000,500,300,200
249,CMA,2022-04-16,810,280,300,230
250,DHI,2022-04-17,726,250,271,205
251,DOV,2022-04-17,1125,500,320,305
252,DRI,2022-04-17,1124,515,309,300
253,CE,2022-06-10,1119,500,319,300
254,DG,2022-04-17,669,247,222,200
255,CMG,2022-04-16,664,210,241,213
256,DGX,2022-04-19,735,230,300,205
257,CCL,2022-04-16,1161,515,326,320
258,CHD,2022-04-16,1267,578,341,348
259,DOW,2022-04-17,626,225,201,200
260,DFS,2022-04-17,969,335,321,313
261,DUK,2022-04-17,1294,604,362,328
262,CF,2022-04-16,1142,525,307,310
263,DVN,2022-04-17,1171,570,301,300
264,ECL,2022-04-17,1245,547,373,325
<<<<<<< Updated upstream
=======
265,HD,2022-04-17,752,230,317,205
266,DTE,2022-04-17,1115,592,313,210
267,EIX,2022-04-17,1528,700,513,315
268,GLW,2022-04-16,600,200,200,200
269,DVA,2022-04-17,892,260,332,300
270,WDC,2022-04-20,1144,545,339,260
271,GS,2022-04-17,1135,525,305,305
272,DXC,2022-06-10,1136,505,326,305
273,ETN,2022-04-17,1168,520,328,320
274,ED,2022-04-16,1358,700,358,300
275,HSY,2022-04-17,1186,525,361,300
276,JNJ,2022-04-18,1173,565,308,300
277,JPM,2022-04-18,1162,505,319,338
278,KO,2022-04-16,601,200,201,200
279,KMX,2022-04-16,788,251,237,300
280,LDOS,2022-04-18,1100,500,300,300
281,LEG,2022-04-18,1100,500,300,300
282,MCD,2022-04-18,1136,505,326,305
283,LIN,2022-04-20,725,210,240,275
284,LUMN,2022-06-10,1167,535,327,305
285,LYB,2022-04-18,1269,587,352,330
286,MCO,2022-04-18,1058,515,308,235
287,MCK,2022-04-18,1113,500,303,310
288,MAS,2022-04-18,1150,522,323,305
289,LOW,2022-04-18,618,218,200,200
290,MDT,2022-04-18,1138,515,308,315
291,MKC,2022-04-18,1100,500,300,300
292,MET,2022-04-18,1127,517,305,305
293,MGM,2022-09-17,1000,500,300,200
294,MMC,2022-04-18,1100,500,300,300
295,MO,2022-04-16,1168,500,327,341
296,BWA,2022-04-16,696,260,206,230
297,MRK,2022-04-18,1120,500,305,315
298,MRO,2022-04-21,1148,530,313,305
299,MPC,2022-04-18,1381,700,366,315
300,MS,2022-04-18,1178,555,303,320
301,MTB,2022-04-18,1063,500,303,260
302,MTD,2022-04-18,1045,505,300,240
303,MSI,2022-04-18,1157,505,305,347
304,NEE,2022-04-18,1287,668,306,313
305,MSCI,2022-04-18,1262,580,347,335
306,NCLH,2022-04-18,1101,495,306,300
307,NI,2022-04-18,906,361,322,223
308,NOC,2022-04-18,1107,505,302,300
309,NOW,2022-04-19,1274,550,374,350
310,NUE,2022-04-18,939,374,340,225
311,NSC,2022-04-18,1027,358,339,330
312,NVR,2022-04-18,676,265,206,205
313,PGR,2022-04-19,975,350,355,270
314,PFE,2022-04-18,1100,500,300,300
315,PHM,2022-04-19,658,215,203,240
316,PH,2022-04-18,853,325,303,225
317,PLD,2022-04-19,1268,579,374,315
318,PPG,2022-04-18,749,293,236,220
319,PSA,2022-04-19,685,235,245,205
320,PNC,2022-04-18,1078,455,323,300
321,PM,2022-04-18,1162,520,327,315
322,PKG,2022-04-18,1103,500,303,300
323,PSX,2022-04-18,1242,569,363,310
324,PRU,2022-04-19,873,285,300,288
325,PNR,2022-04-18,1078,433,330,315
326,PNW,2022-04-18,1408,629,479,300
327,PPL,2022-04-18,1131,525,306,300
328,PWR,2022-04-19,1232,540,382,310
329,RJF,2022-04-19,1119,505,309,305
330,RF,2022-04-17,1099,490,304,305
331,RCL,2022-04-19,1140,503,327,310
332,RL,2022-04-19,1075,420,352,303
333,PVH,2022-04-19,1052,418,319,315
334,RHI,2022-04-19,899,255,334,310
335,ROL,2022-04-19,1105,500,300,305
336,RMD,2022-04-19,942,330,312,300
337,SCHW,2022-04-16,1115,515,300,300
338,ROK,2022-04-19,761,308,243,210
339,TDG,2022-04-19,1100,500,300,300
340,SEE,2022-04-19,1130,555,318,257
341,ROP,2022-04-19,1260,570,350,340
342,SWK,2022-04-19,1170,555,315,300
343,STZ,2022-04-16,1067,459,313,295
344,SYK,2022-04-19,1131,485,321,325
345,SYY,2022-04-19,1161,555,301,305
346,SHW,2022-04-19,774,295,259,220
347,SPGI,2022-06-11,1086,435,341,310
348,STE,2022-04-19,1116,510,301,305
349,SYF,2022-04-19,947,325,312,310
350,SPG,2022-04-19,677,225,247,205
351,SRE,2022-04-19,1396,700,386,310
352,SO,2022-04-19,1152,515,307,330
353,STT,2022-04-19,646,225,211,210
354,SNA,2022-04-19,1061,500,300,261
355,RTX,2022-06-11,1250,520,330,400
356,HIG,2022-04-17,1110,500,305,305
357,TEL,2022-04-19,600,200,200,200
358,TFX,2022-04-19,600,200,200,200
359,TFC,2022-06-11,1088,480,308,300
360,TDY,2022-04-19,1100,500,300,300
361,TGT,2022-04-19,1205,550,342,313
362,TJX,2022-04-19,1100,500,300,300
363,TPR,2022-06-11,1093,483,310,300
364,TRV,2022-07-27,1100,500,300,300
365,TMO,2022-04-19,1139,527,332,280
366,TT,2022-06-11,1409,700,389,320
367,TSN,2022-04-19,1244,530,374,340
368,TYL,2022-04-19,1011,400,306,305
369,TXT,2022-09-17,1000,500,300,200
370,UNH,2022-04-19,1100,500,300,300
371,UPS,2022-04-19,1159,540,374,245
372,UDR,2022-04-19,741,225,301,215
373,UHS,2022-04-19,1218,560,320,338
374,MOS,2022-04-18,1209,515,379,315
375,USB,2022-04-19,953,336,317,300
376,URI,2022-04-19,1090,472,318,300
377,VNO,2022-04-19,1191,540,326,325
378,VLO,2022-04-19,1245,608,307,330
379,VFC,2022-04-19,1106,505,301,300
380,V,2022-04-19,1182,504,368,310
381,VTR,2022-04-19,1100,500,300,300
382,VMC,2022-04-19,1189,570,319,300
383,WEC,2022-04-19,1373,635,438,300
384,WELL,2022-04-21,1063,437,326,300
385,WAT,2022-04-19,797,270,292,235
386,WM,2022-04-19,1306,613,408,285
387,WAB,2022-04-19,1238,607,311,320
388,WMB,2022-04-20,1100,500,300,300
389,WFC,2022-04-19,1100,500,300,300
390,WHR,2022-04-20,1101,500,301,300
391,WST,2022-04-20,1175,540,330,305
392,WRB,2022-04-19,954,360,294,300
393,WMT,2022-04-19,811,310,281,220
394,WU,2022-04-20,638,205,205,228
395,YUM,2022-04-20,1130,500,320,310
396,XYL,2022-04-20,838,374,254,210
397,WY,2022-04-20,1340,700,340,300
398,XOM,2022-04-17,1173,538,322,313
399,ZBH,2022-04-20,1160,520,330,310
400,ZTS,2022-04-20,1178,520,348,310
401,DE,2022-04-17,1204,560,339,305
402,DD,2022-04-17,1186,550,341,295
403,D,2022-04-17,1170,535,325,310
404,CVS,2022-04-17,1157,540,302,315
405,DAL,2022-04-17,1128,515,300,313
406,CRM,2022-04-19,656,215,241,200
407,CVX,2022-04-22,637,210,217,210
408,CTVA,2022-06-10,1242,610,312,320
409,CTRA,2022-06-11,1194,555,329,310
410,CTLT,2022-04-16,1091,483,303,305
411,CPB,2022-04-16,1121,515,301,305
412,CRL,2022-04-16,1067,510,322,235
413,COP,2022-04-16,1536,687,544,305
414,COO,2022-04-16,1100,500,300,300
415,COF,2022-04-16,1137,508,309,320
416,CNC,2022-04-16,1218,548,355,315
417,CNP,2022-04-16,1130,550,320,260
418,CMS,2022-04-16,1192,450,667,75
419,CMI,2022-04-17,1130,510,320,300
420,CL,2022-04-16,1140,520,310,310
421,MMM,2022-04-16,1141,526,310,305
422,CFG,2022-04-16,650,230,215,205
423,CAG,2022-04-16,1131,525,306,300
424,CI,2022-04-16,1146,508,328,310
425,CAH,2022-04-16,1120,505,300,315
426,MA,2022-04-18,655,210,230,215
427,LW,2022-06-10,901,345,256,300
428,MAA,2022-04-18,786,315,261,210
429,MLM,2022-04-18,1186,573,313,300
430,LUV,2022-04-19,827,295,314,218
431,LNC,2022-04-18,1300,700,300,300
432,LEN,2022-04-18,927,363,344,220
433,PG,2022-04-18,1292,560,422,310
434,OGN,2022-06-11,1155,515,335,305
435,OXY,2022-04-18,1107,505,302,300
436,DELL,2022-06-10,1093,500,318,275
437,PAYC,2022-04-18,1090,470,305,315
438,PEG,2022-04-19,1005,500,300,205
439,OKE,2022-04-18,1262,581,326,355
440,NRG,2022-04-18,916,371,327,218
441,L,2022-04-18,1121,505,303,313
442,OMC,2022-04-18,1181,543,333,305
443,ORCL,2022-09-17,1000,500,300,200
444,O,2022-04-19,1100,500,300,300
445,DPZ,2022-04-17,610,205,205,200
446,T,2022-04-16,715,210,200,305
447,UNP,2022-04-19,792,290,257,245
448,NEM,2022-04-18,1419,675,389,355
449,FDX,2022-04-17,868,335,278,255
450,NKE,2022-04-18,680,205,275,200
451,F,2022-04-17,753,292,246,215
452,LMT,2022-04-18,1154,510,324,320
453,RSG,2022-04-19,744,293,235,216
454,ENPH,2022-04-17,1181,565,316,300
455,EXC,2022-04-17,1413,694,403,316
456,EXPD,2022-04-17,1112,510,302,300
457,EXPE,2022-04-17,772,225,242,305
458,FAST,2022-04-17,732,230,302,200
459,FFIV,2022-04-17,636,200,221,215
460,EQIX,2022-04-17,1153,515,323,315
461,FTNT,2022-04-17,1111,500,306,305
462,ETSY,2022-04-17,711,235,241,235
463,BEN,2022-04-17,980,321,349,310
464,DLR,2022-04-17,1157,540,317,300
465,DHR,2022-04-17,1259,530,344,385
466,EFX,2022-06-10,995,390,300,305
467,EL,2022-04-17,1100,500,300,300
468,EMN,2022-04-17,1258,583,365,310
469,EMR,2022-04-17,1243,605,323,315
470,EOG,2022-04-17,1042,550,252,240
471,EQR,2022-04-17,653,235,208,210
472,ES,2022-04-17,1295,576,409,310
473,ESS,2022-04-17,891,377,304,210
474,FITB,2022-04-17,828,313,300,215
475,ETR,2022-04-17,1343,653,380,310
476,EXR,2022-04-17,1086,572,289,225
477,EW,2022-04-17,928,290,333,305
478,FOXA,2022-04-16,940,295,330,315
479,FCX,2022-04-17,1226,608,313,305
480,FE,2022-04-17,1114,510,304,300
481,FIS,2022-04-17,1138,530,298,310
482,FMC,2022-04-17,1132,510,307,315
483,FRT,2022-04-17,1127,525,302,300
484,FTV,2022-04-17,1171,540,326,305
485,GRMN,2022-04-17,647,205,242,200
486,IT,2022-04-17,1131,500,316,315
487,LLY,2022-04-17,1180,510,360,310
488,EVRG,2022-06-10,1165,555,310,300
489,GILD,2022-04-17,1103,500,303,300
490,HOLX,2022-04-17,1154,515,324,315
491,HSIC,2022-04-17,615,210,205,200
492,HON,2022-04-17,1197,545,344,308
493,HST,2022-04-17,1146,510,318,318
494,GD,2022-06-11,1120,510,310,300
495,HAS,2022-04-17,856,255,301,300
496,HBAN,2022-04-17,908,308,300,300
497,GL,2022-06-07,668,215,238,215
498,GPC,2022-04-17,1065,535,225,305
499,GNRC,2022-04-17,1096,535,311,250
500,GPN,2022-04-17,918,310,343,265
501,HCA,2022-04-17,1173,520,348,305
502,HBI,2022-04-17,838,310,223,305
503,HII,2022-04-17,1175,545,315,315
504,HPE,2022-04-17,819,230,359,230
505,HES,2022-04-17,1140,535,300,305
506,HLT,2022-04-17,698,293,200,205
507,HRL,2022-04-17,1192,570,322,300
508,HPQ,2022-04-17,656,245,211,200
509,HUM,2022-04-17,1062,462,300,300
510,HWM,2022-06-10,1160,525,315,320
511,PEAK,2022-06-11,1201,535,331,335
512,GIS,2022-04-17,1276,585,326,365
513,GE,2022-06-10,1133,533,300,300
514,SPOT,2022-04-22,1038,500,283,255
515,TRTX,2022-06-11,769,230,239,300
516,TRU,2022-04-19,1133,510,313,310
517,YETI,2022-06-11,827,269,253,305
518,YELP,2022-04-20,973,245,515,213
519,YEXT,2022-06-11,949,325,314,310
520,SPR,2022-04-19,1152,515,337,300
521,YSG,2022-06-11,897,355,217,325
522,YRD,2022-04-20,610,200,205,205
523,YUMC,2022-06-11,642,205,217,220
524,TROX,2022-04-19,1123,503,320,300
525,ZEPP,2022-06-11,707,202,210,295
526,ZUO,2022-09-24,674,240,234,200
527,ZIM,2022-04-20,1000,329,351,320
528,ZYME,2022-06-11,871,240,326,305
529,ZWS,2022-06-11,1100,500,300,300
530,YOU,2022-04-21,998,515,278,205
531,PLXS,2022-04-18,1110,510,300,300
532,SHIP,2022-04-19,950,345,300,305
533,SHLS,2022-06-10,865,285,280,300
534,SHOO,2022-04-19,1039,508,231,300
535,SHYF,2022-06-10,1088,510,303,275
536,SIBN,2022-06-10,658,220,228,210
537,SIEB,2022-04-19,834,300,299,235
538,PLYA,2022-06-10,615,210,200,205
539,PMCB,2022-04-18,722,220,202,300
540,WWW,2022-04-20,996,390,298,308
541,XHR,2022-04-20,759,260,263,236
542,X,2022-04-19,1199,535,364,300
543,XPEV,2022-06-11,623,215,208,200
544,XPO,2022-04-20,1178,560,318,300
545,XIN,2022-04-20,747,205,242,300
546,XYF,2022-06-11,620,215,205,200
547,YALA,2022-06-11,697,233,244,220
548,WTS,2022-04-19,933,420,303,210
549,HAIN,2022-04-17,1127,520,302,305
550,MTC,2022-04-20,751,221,225,305
551,MTEM,2022-06-10,1005,360,325,320
552,MTLS,2022-04-18,1106,505,301,300
553,MTEX,2022-04-18,690,200,260,230
554,MTRX,2022-04-18,1256,589,390,277
555,HALO,2022-04-17,1127,510,302,315
556,HALL,2022-04-17,748,215,233,300
557,MVBF,2022-04-18,640,210,215,215
558,MVST,2022-06-11,717,225,282,210
559,MVIS,2022-04-18,1081,451,300,330
560,MXCT,2022-04-21,768,220,300,248
561,MYGN,2022-04-18,968,353,321,294
562,MYFW,2022-06-10,886,351,300,235
563,MXL,2022-04-18,1195,535,325,335
564,MYPS,2022-06-11,607,205,202,200
565,MTTR,2022-06-11,931,346,325,260
566,MTSI,2022-04-18,941,377,309,255
567,CLRO,2022-04-16,808,370,228,210
568,GURE,2022-04-17,914,408,206,300
569,GVP,2022-04-17,1057,505,307,245
570,GYRO,2022-04-17,686,240,206,240
571,GWRS,2022-04-17,899,367,297,235
572,HA,2022-04-17,721,200,321,200
573,CLSK,2022-06-10,1206,570,326,310
574,CLSD,2022-07-26,645,215,230,200
575,HAFC,2022-04-17,690,250,207,233
576,CLST,2022-06-11,877,260,350,267
577,CLWT,2022-04-17,641,230,201,210
578,CMBM,2022-06-10,1142,505,337,300
579,CMCO,2022-04-16,763,200,323,240
580,CLVR,2022-06-10,673,225,243,205
581,HBCP,2022-04-17,632,230,202,200
582,HBIO,2022-04-17,771,250,221,300
583,HBNC,2022-04-17,809,255,321,233
584,HBT,2022-06-10,820,245,275,300
585,HCAT,2022-06-10,1189,545,324,320
586,HAYN,2022-04-17,1101,500,301,300
587,PNBK,2022-04-18,717,205,302,210
588,PNFP,2022-11-08,849,271,328,250
589,POAI,2022-06-10,795,278,297,220
590,POLA,2022-06-05,600,200,200,200
591,PODD,2022-11-07,653,215,233,205
592,POWI,2022-11-08,1165,575,285,305
593,POWW,2022-08-02,657,233,224,200
594,PNRG,2022-11-08,660,200,200,260
595,PNTG,2022-06-10,751,245,306,200
596,PPBI,2022-11-08,1208,565,328,315
597,PPIH,2022-06-10,1060,500,260,300
598,PPC,2022-11-08,1022,500,302,220
599,PRAA,2022-11-08,1104,473,321,310
600,PPSI,2022-11-08,919,299,305,315
601,PRAX,2022-06-10,630,200,215,215
602,PRCT,2022-06-11,724,200,224,300
603,PRCH,2022-06-10,667,225,227,215
604,PRE,2022-04-22,713,245,203,265
605,PRDO,2022-06-10,912,365,297,250
606,SISI,2022-06-11,991,340,346,305
607,SITM,2022-06-10,1109,505,304,300
608,SIRI,2022-11-08,747,240,302,205
609,SJ,2022-06-10,820,260,320,240
610,POWL,2022-11-08,955,500,240,215
611,UPWK,2022-06-10,817,275,264,278
612,USAU,2022-06-10,940,400,240,300
613,USAP,2022-11-08,669,238,231,200
614,USEG,2022-11-08,1018,438,265,315
615,USIO,2022-06-10,770,285,245,240
616,UTHR,2022-11-08,792,233,259,300
617,URGN,2022-06-10,751,210,251,290
618,URBN,2022-11-08,935,335,300,300
619,UTRS,2022-06-11,616,205,201,210
620,UTSI,2022-11-08,1015,340,310,365
621,UXIN,2022-06-10,630,203,202,225
622,UVSP,2022-11-08,958,331,322,305
623,CMCM,2022-11-07,634,205,214,215
624,CMC,2022-11-07,635,223,212,200
625,USLM,2022-11-08,1033,500,233,300
626,UTMD,2022-11-08,726,240,236,250
627,CMP,2022-11-07,1127,505,302,320
628,CNF,2022-06-10,620,200,200,220
629,CNMD,2022-11-07,1011,441,300,270
630,CNK,2022-11-07,930,330,300,300
631,CNNE,2022-06-10,621,215,203,203
632,CNO,2022-11-07,1137,500,322,315
633,CNA,2022-11-07,1209,540,329,340
634,CMRE,2022-11-07,646,242,204,200
635,GVA,2022-11-07,600,200,200,200
636,FN,2022-11-07,929,510,209,210
637,H,2022-11-07,649,235,209,205
638,HASI,2022-11-07,1363,646,404,313
639,HAYW,2022-11-15,1140,535,305,300
640,HBB,2022-11-15,747,245,272,230
641,HCC,2022-11-09,615,215,200,200
642,HCI,2022-11-07,765,205,260,300
643,HE,2022-11-07,1243,585,348,310
644,GWRE,2022-11-07,1200,549,321,330
645,HAE,2022-11-07,1056,448,303,305
646,HGV,2022-11-15,843,305,288,250
647,HI,2022-11-07,1138,489,349,300
648,HHC,2022-11-07,1100,500,300,300
649,HUBS,2022-11-07,1129,480,329,320
650,HESM,2022-11-15,819,307,257,255
651,HEI,2022-11-07,633,225,203,205
>>>>>>> Stashed changes
